"betas","interpt","slopes"
1e+05,90000,0.100010001000104
2575000,2317000,0.100038861358771
5050000,4545000,0.100000003921334
7525000,6772000,0.100013292127289
1e+07,9e+06,0.10000000100024
