"betas","interpt","slopes"
1000,666.4175,0.33349974338728
3475,2316.875,0.333293388490298
5950,3966.49,0.333353135483409
8425,5616.9475,0.333311115554984
