"betas","interpt","slopes"
1000,899.79,0.100042084274043
3475,3127.36,0.10000806391967
5950,5354.93,0.100002354987719
8425,7582.5,0.100000000999473
