"betas","interpt","slopes"
1000,800.375,0.199850226081313
3475,2780.25,0.199971237879387
5950,4760.125,0.19999160091283
8425,6740,0.200000002000564
