"betas","interpt","slopes"
1000,499.6025,0.500398092603277
3475,1737.235,0.500076297115698
5950,2974.8675,0.50002227967729
8425,4212.5,0.500000004999792
